{
  "accuracy": 0.7437185929648241,
  "macro_precision": 0.4448752672843906,
  "macro_recall": 0.4902144367260647,
  "macro_f1": 0.46365630686937537,
  "weighted_precision": 0.6592971987521357,
  "weighted_recall": 0.7437185929648241,
  "weighted_f1": 0.6936992769844299,
  "per_class": {
    "dos": {
      "precision": 0.8852459016393442,
      "recall": 0.8181818181818182,
      "f1": 0.8503937007874016,
      "support": 66
    },
    "normal": {
      "precision": 0.6869565217391305,
      "recall": 0.9186046511627907,
      "f1": 0.7860696517412935,
      "support": 86
    },
    "probe": {
      "precision": 0.6521739130434783,
      "recall": 0.7142857142857143,
      "f1": 0.6818181818181818,
      "support": 21
    },
    "r2l": {
      "precision": 0.0,
      "recall": 0.0,
      "f1": 0.0,
      "support": 25
    },
    "u2r": {
      "precision": 0.0,
      "recall": 0.0,
      "f1": 0.0,
      "support": 1
    }
  },
  "confusion_matrix": [
    [
      54,
      10,
      2,
      0,
      0
    ],
    [
      4,
      79,
      3,
      0,
      0
    ],
    [
      3,
      3,
      15,
      0,
      0
    ],
    [
      0,
      22,
      3,
      0,
      0
    ],
    [
      0,
      1,
      0,
      0,
      0
    ]
  ]
}